1,1email@gmail.com,first_name_1,last_name_1 ,middle_name_1 ,city 1
2,2email@gmail.com,first_name_2,last_name_2,middle_name_2,city 2
3,3email@gmail.com,first_name_3,last_name_3,middle_name_3,city 3
4,4email@gmail.com,first_name_4,last_name_4,middle_name_4,city 4
5,5email@gmail.com,first_name_5,last_name_5,middle_name_5,city 5
6,6email@gmail.com,first_name_6,last_name_6,middle_name_6,city 6
7,7email@gmail.com,first_name_7,last_name_7,middle_name_7,city 7
8,8email@gmail.com,first_name_8,last_name_8,middle_name_8,city 8
9,9email@gmail.com,first_name_9,last_name_9,middle_name_9,city 9
10,10email@gmail.com,first_name_10,last_name_10,middle_name_10,city 10
11,11email@gmail.com,first_name_11,last_name_11,middle_name_11,city 11
12,12email@gmail.com,first_name_12,last_name_12,middle_name_12,city 12
13,13email@gmail.com,first_name_13,last_name_13,middle_name_13,city 13
14,14email@gmail.com,first_name_14,last_name_14,middle_name_14,city 14
15,15email@gmail.com,first_name_15,last_name_15,middle_name_15,city 15
16,16email@gmail.com,first_name_16,last_name_16,middle_name_16,city 16
17,17email@gmail.com,first_name_17,last_name_17,middle_name_17,city 17
18,18email@gmail.com,first_name_18,last_name_18,middle_name_18,city 18
19,19email@gmail.com,first_name_19,last_name_19,middle_name_19,city 19
20,20email@gmail.com,first_name_20,last_name_20,middle_name_20,city 20
